Conversation,Category
"Customer: ‡∏ï‡∏¥‡∏î‡∏ï‡πà‡∏≠‡πÄ‡∏à‡πâ‡∏≤‡∏´‡∏ô‡πâ‡∏≤‡∏ó‡∏µ‡πà ‡πÄ‡∏û‡∏∑‡πà‡∏≠‡∏™‡∏≠‡∏ö‡∏ñ‡∏≤‡∏°‡∏Ç‡πâ‡∏≠‡∏°‡∏π‡∏•‡πÄ‡∏û‡∏¥‡πà‡∏°‡πÄ‡∏ï‡∏¥‡∏°
Admin: ‡∏™‡∏ß‡∏±‡∏™‡∏î‡∏µ‡∏Ñ‡πà‡∏∞ ‡πÑ‡∏°‡πà‡∏ó‡∏£‡∏≤‡∏ö‡∏ß‡πà‡∏≤‡∏Ñ‡∏∏‡∏ì‡∏•‡∏π‡∏Å‡∏Ñ‡πâ‡∏≤‡∏ï‡πâ‡∏≠‡∏á‡∏Å‡∏≤‡∏£‡∏™‡∏≠‡∏ö‡∏ñ‡∏≤‡∏°‡∏Ç‡πâ‡∏≠‡∏°‡∏π‡∏•‡∏î‡πâ‡∏≤‡∏ô‡πÉ‡∏î‡∏Ñ‡∏∞ üòä
Customer: ‡∏≠‡∏¢‡∏≤‡∏Å‡∏à‡∏≠‡∏á‡πÅ‡∏°‡πà‡∏ö‡πâ‡∏≤‡∏ô‡∏û‡∏£‡∏∏‡πà‡∏á‡∏ô‡∏µ‡πâ‡∏Ñ‡πà‡∏∞
Customer: 15:30
Admin: ‡∏™‡∏ß‡∏±‡∏™‡∏î‡∏µ‡∏Ñ‡πà‡∏∞ ‡πÅ‡∏≠‡∏î‡∏°‡∏¥‡∏ô‡∏´‡∏•‡∏¥‡∏ô‡∏´‡∏•‡∏¥‡∏ô ‡∏Å‡∏≥‡∏•‡∏±‡∏á‡πÉ‡∏´‡πâ‡∏ö‡∏£‡∏¥‡∏Å‡∏≤‡∏£‡∏Ñ‡πà‡∏∞ ‚ú®
‡∏ß‡∏±‡∏ô‡∏ó‡∏µ‡πà 22 ‡∏™‡∏Ñ. ‡πÄ‡∏ß‡∏•‡∏≤ 15.30 ‡∏ô. 
‡∏£‡∏∞‡∏¢‡∏∞‡πÄ‡∏ß‡∏•‡∏≤: 2 ‡∏ä‡∏°.
‡∏ï‡∏≥‡πÅ‡∏´‡∏ô‡πà‡∏á‡∏ó‡∏µ‡πà‡∏û‡∏±‡∏Å: The Line Phahon-Pradipat Room. 720, ‡∏û‡∏ç‡∏≤‡πÑ‡∏ó/Phaya Thai, ‡πÄ‡∏Ç‡∏ï‡∏û‡∏ç‡∏≤‡πÑ‡∏ó/Khet Phaya Thai, ‡∏Å‡∏£‡∏∏‡∏á‡πÄ‡∏ó‡∏û‡∏°‡∏´‡∏≤‡∏ô‡∏Ñ‡∏£/Bangkok
‡πÅ‡∏≠‡∏î‡∏°‡∏¥‡∏ô‡∏õ‡∏£‡∏∞‡∏™‡∏≤‡∏ô‡∏á‡∏≤‡∏ô‡∏Ñ‡∏∏‡∏ì‡πÅ‡∏°‡πà‡∏ö‡πâ‡∏≤‡∏ô‡πÉ‡∏´‡πâ‡∏Ñ‡πà‡∏∞ 
Customer: ‡πÅ‡∏õ‡πä‡∏ö‡∏Ñ‡πâ‡∏≤
Customer: ‡∏û‡∏£‡∏∏‡πà‡∏á‡∏ô‡∏µ‡πâ‡πÄ‡∏õ‡πá‡∏ô‡∏≠‡∏µ‡∏Å‡∏ó‡∏µ‡πà‡∏Ñ‡πà‡∏∞ ‡∏ó‡∏µ‡πà the crest park residences ‡∏Ñ‡πà‡∏∞
Admin: ‡πÅ‡∏≠‡∏î‡∏°‡∏¥‡∏ô‡∏ï‡∏£‡∏ß‡∏à‡∏™‡∏≠‡∏ö‡∏™‡∏±‡∏Å‡∏Ñ‡∏£‡∏π‡πà‡∏Ñ‡πà‡∏∞ 
Admin: ‡∏ß‡∏±‡∏ô‡∏ó‡∏µ‡πà 22 ‡∏™‡∏Ñ. ‡πÄ‡∏ß‡∏•‡∏≤ 15.30 ‡∏ô. 
‡∏£‡∏∞‡∏¢‡∏∞‡πÄ‡∏ß‡∏•‡∏≤: 2 ‡∏ä‡∏°.
‡∏™‡∏ñ‡∏≤‡∏ô‡∏ó‡∏µ‡πà ‡∏´‡πâ‡∏≠‡∏á 149 ‡∏Ñ‡∏≠‡∏ô‡πÇ‡∏î The Crest Park Residences 
1198 ‡∏ñ‡∏ô‡∏ô‡∏û‡∏´‡∏•‡πÇ‡∏¢‡∏ò‡∏¥‡∏ô ‡πÅ‡∏Ç‡∏ß‡∏á‡∏à‡∏≠‡∏°‡∏û‡∏• ‡πÄ‡∏Ç‡∏ï‡∏à‡∏ï‡∏∏‡∏à‡∏±‡∏Å‡∏£
‡∏Å‡∏£‡∏∏‡∏á‡πÄ‡∏ó‡∏û‡∏Ø 10900
‡πÅ‡∏≠‡∏î‡∏°‡∏¥‡∏ô‡∏õ‡∏£‡∏∞‡∏™‡∏≤‡∏ô‡∏á‡∏≤‡∏ô‡∏Ñ‡∏∏‡∏ì‡πÅ‡∏°‡πà‡∏ö‡πâ‡∏≤‡∏ô‡πÉ‡∏´‡πâ‡∏Ñ‡πà‡∏∞ 
Admin: ‡∏™‡∏ß‡∏±‡∏™‡∏î‡∏µ‡∏Ñ‡πà‡∏∞ ‡πÅ‡∏≠‡∏î‡∏°‡∏¥‡∏ô‡∏Å‡∏±‡∏•‡∏¢‡∏Å‡∏£ ‡∏Ç‡∏≠‡∏≠‡∏ô‡∏∏‡∏ç‡∏≤‡∏ï‡∏î‡∏π‡πÅ‡∏•‡∏Ñ‡∏∏‡∏ì‡∏•‡∏π‡∏Å‡∏Ñ‡πâ‡∏≤‡∏ï‡πà‡∏≠‡∏à‡∏≤‡∏Å‡πÅ‡∏≠‡∏î‡∏°‡∏¥‡∏ô‡∏ó‡πà‡∏≤‡∏ô‡πÄ‡∏î‡∏¥‡∏°‡∏Ñ‡πà‡∏∞
Admin: ‡∏Ç‡∏ì‡∏∞‡∏ô‡∏µ‡πâ‡∏≠‡∏¢‡∏π‡πà‡∏£‡∏∞‡∏´‡∏ß‡πà‡∏≤‡∏á‡∏õ‡∏£‡∏∞‡∏™‡∏≤‡∏ô‡∏á‡∏≤‡∏ô‡∏´‡∏≤‡∏Ñ‡∏∏‡∏ì‡πÅ‡∏°‡πà‡∏ö‡πâ‡∏≤‡∏ô ‡∏´‡∏≤‡∏Å‡∏°‡∏µ‡∏Ñ‡∏ß‡∏≤‡∏°‡∏Ñ‡∏∑‡∏ö‡∏´‡∏ô‡πâ‡∏≤‡∏≠‡∏¢‡πà‡∏≤‡∏á‡πÑ‡∏£‡πÅ‡∏≠‡∏î‡∏°‡∏¥‡∏ô‡πÅ‡∏à‡πâ‡∏á‡∏Å‡∏•‡∏±‡∏ö‡∏≠‡∏µ‡∏Å‡∏Ñ‡∏£‡∏±‡πâ‡∏á‡∏ô‡∏∞‡∏Ñ‡∏∞
Admin: ‡∏Ñ‡∏∏‡∏ì ‡∏Å‡∏ä‡∏Å‡∏£ : https://www.beneat.co/cleaner/12276 ‡∏™‡∏∞‡∏î‡∏ß‡∏Å‡∏£‡∏±‡∏ö‡∏á‡∏≤‡∏ô
‚ñ∂Ô∏è‡∏Ñ‡∏∏‡∏ì‡∏•‡∏π‡∏Å‡∏Ñ‡πâ‡∏≤‡∏™‡∏∞‡∏î‡∏ß‡∏Å‡∏û‡∏¥‡∏à‡∏≤‡∏£‡∏ì‡∏≤‡πÄ‡∏õ‡πá‡∏ô‡∏Ñ‡∏∏‡∏ì‡πÅ‡∏°‡πà‡∏ö‡πâ‡∏≤‡∏ô‡∏ó‡πà‡∏≤‡∏ô‡∏ô‡∏µ‡πâ‡πÑ‡∏´‡∏°‡∏Ñ‡∏∞ ?
PB #176104        
‡∏ß‡∏±‡∏ô‡∏ó‡∏µ‡πà 22 ‡∏™‡∏Ñ. ‡πÄ‡∏ß‡∏•‡∏≤ 15.30 ‡∏ô. 
‡∏£‡∏∞‡∏¢‡∏∞‡πÄ‡∏ß‡∏•‡∏≤: 2 ‡∏ä‡∏°.
‡∏™‡∏ñ‡∏≤‡∏ô‡∏ó‡∏µ‡πà ‡∏´‡πâ‡∏≠‡∏á 149 ‡∏Ñ‡∏≠‡∏ô‡πÇ‡∏î The Crest Park Residences 
1198 ‡∏ñ‡∏ô‡∏ô‡∏û‡∏´‡∏•‡πÇ‡∏¢‡∏ò‡∏¥‡∏ô ‡πÅ‡∏Ç‡∏ß‡∏á‡∏à‡∏≠‡∏°‡∏û‡∏• ‡πÄ‡∏Ç‡∏ï‡∏à‡∏ï‡∏∏‡∏à‡∏±‡∏Å‡∏£
‡∏Å‡∏£‡∏∏‡∏á‡πÄ‡∏ó‡∏û‡∏Ø 10900
Customer: ‡πÑ‡∏î‡πâ‡∏Ñ‡πà‡∏∞
Admin: ‡∏Ç‡∏≠‡∏ö‡∏û‡∏£‡∏∞‡∏Ñ‡∏∏‡∏ì‡∏Ñ‡πà‡∏∞ ‡πÅ‡∏≠‡∏î‡∏°‡∏¥‡∏ô‡∏î‡∏≥‡πÄ‡∏ô‡∏¥‡∏Å‡∏≤‡∏£‡∏Ñ‡∏¥‡∏î‡∏Ñ‡πà‡∏≤‡∏ö‡∏£‡∏¥‡∏Å‡∏≤‡∏£‡πÉ‡∏´‡πâ‡∏™‡∏±‡∏Å‡∏Ñ‡∏£‡∏π‡πà‡∏ô‡∏∞‡∏Ñ‡∏∞
Admin: ‡∏Ñ‡πà‡∏≤‡∏ö‡∏£‡∏¥‡∏Å‡∏≤‡∏£‡∏ó‡∏≥‡∏Ñ‡∏ß‡∏≤‡∏°‡∏™‡∏∞‡∏≠‡∏≤‡∏î ‡∏à‡∏±‡∏á‡∏´‡∏ß‡∏±‡∏î‡∏Å‡∏£‡∏∏‡∏á‡πÄ‡∏ó‡∏û ‡πÅ‡∏•‡∏∞‡∏õ‡∏£‡∏¥‡∏°‡∏ì‡∏ë‡∏•
‡∏á‡∏≤‡∏ô 2 ‡∏ä‡∏±‡πà‡∏ß‡πÇ‡∏°‡∏á ‡∏à‡∏≥‡∏ô‡∏ß‡∏ô 1 ‡∏Ñ‡∏£‡∏±‡πâ‡∏á
‚õî‡∏Ñ‡πà‡∏≤‡∏ö‡∏£‡∏¥‡∏Å‡∏≤‡∏£‡∏ó‡∏±‡πâ‡∏á‡∏´‡∏°‡∏î 556.40 ‡∏ö‡∏≤‡∏ó
‡∏£‡∏ö‡∏Å‡∏ß‡∏ô‡∏Ñ‡∏∏‡∏ì‡∏•‡∏π‡∏Å‡∏Ñ‡πâ‡∏≤‡πÇ‡∏≠‡∏ô‡∏ä‡∏≥‡∏£‡∏∞ ‡πÅ‡∏•‡πâ‡∏ß‡∏™‡πà‡∏á‡∏™‡∏•‡∏¥‡∏õ‡πÄ‡∏Ç‡πâ‡∏≤‡∏°‡∏≤‡πÉ‡∏´‡πâ‡πÅ‡∏≠‡∏î‡∏°‡∏¥‡∏ô‡∏†‡∏≤‡∏¢‡πÉ‡∏ô‡∏ß‡∏±‡∏ô‡∏ô‡∏µ‡πâ ‡∏Å‡πà‡∏≠‡∏ô‡πÄ‡∏ß‡∏•‡∏≤ 11.00 ‡∏ô. ‡πÑ‡∏î‡πâ‡πÄ‡∏•‡∏¢‡∏ô‡∏∞‡∏Ñ‡∏∞ ‡∏´‡∏≤‡∏Å‡πÄ‡∏Å‡∏¥‡∏ô‡πÄ‡∏ß‡∏•‡∏≤‡∏ó‡∏µ‡πà‡∏Å‡∏≥‡∏´‡∏ô‡∏î ‡πÅ‡∏≠‡∏î‡∏°‡∏¥‡∏ô‡∏£‡∏ö‡∏Å‡∏ß‡∏ô‡∏Ñ‡∏∏‡∏ì‡∏•‡∏π‡∏Å‡∏Ñ‡πâ‡∏≤‡∏õ‡∏£‡∏∞‡∏™‡∏≤‡∏ô‡∏á‡∏≤‡∏ô‡πÄ‡∏ä‡πá‡∏Ñ‡∏Ñ‡∏¥‡∏ß‡∏á‡∏≤‡∏ô‡πÉ‡∏´‡∏°‡πà‡∏≠‡∏µ‡∏Å‡∏Ñ‡∏£‡∏±‡πâ‡∏á‡∏Ñ‡πà‡∏∞
Admin: ‡∏ò‡∏ô‡∏≤‡∏Ñ‡∏≤‡∏£ : ‡∏ò‡∏ô‡∏≤‡∏Ñ‡∏≤‡∏£‡∏Å‡∏£‡∏∏‡∏á‡πÄ‡∏ó‡∏û 
‡∏ä‡∏∑‡πà‡∏≠‡∏ö‡∏±‡∏ç‡∏ä‡∏µ : ‡∏ö‡∏à. ‡∏ö‡∏µ‡∏ô‡∏µ‡∏ó 
‡πÄ‡∏•‡∏Ç‡∏ó‡∏µ‡πà‡∏ö‡∏±‡∏ç‡∏ä‡∏µ : 561-7-07666-5
Admin: ‡πÅ‡∏≠‡∏î‡∏°‡∏¥‡∏ô‡∏ï‡∏¥‡∏î‡∏ï‡πà‡∏≠‡∏Ñ‡∏∏‡∏ì‡∏•‡∏π‡∏Å‡∏Ñ‡πâ‡∏≤‡∏¢‡∏±‡∏á‡πÑ‡∏°‡πà‡∏™‡∏∞‡∏î‡∏ß‡∏Å‡∏£‡∏±‡∏ö‡∏™‡∏≤‡∏¢ ‡∏´‡∏≤‡∏Å‡∏Ñ‡∏∏‡∏ì‡∏Ñ‡∏∏‡∏ì‡∏•‡∏π‡∏Å‡∏Ñ‡πâ‡∏≤‡πÇ‡∏≠‡∏ô‡∏ä‡∏≥‡∏£‡∏∞ ‡πÅ‡∏•‡πâ‡∏ß‡∏™‡πà‡∏á‡∏™‡∏•‡∏¥‡∏õ‡πÄ‡∏Ç‡πâ‡∏≤‡∏°‡∏≤‡πÉ‡∏´‡πâ‡πÅ‡∏≠‡∏î‡∏°‡∏¥‡∏ô‡∏†‡∏≤‡∏¢‡πÉ‡∏ô‡∏ß‡∏±‡∏ô‡∏ô‡∏µ‡πâ ‡∏Å‡πà‡∏≠‡∏ô‡πÄ‡∏ß‡∏•‡∏≤ 11.00 ‡∏ô. ‡πÑ‡∏î‡πâ‡πÄ‡∏•‡∏¢‡∏ô‡∏∞‡∏Ñ‡∏∞ 
‡∏´‡∏≤‡∏Å‡πÄ‡∏Å‡∏¥‡∏ô‡πÄ‡∏ß‡∏•‡∏≤‡∏ó‡∏µ‡πà‡∏Å‡∏≥‡∏´‡∏ô‡∏î ‡πÅ‡∏≠‡∏î‡∏°‡∏¥‡∏ô‡∏£‡∏ö‡∏Å‡∏ß‡∏ô‡∏Ñ‡∏∏‡∏ì‡∏•‡∏π‡∏Å‡∏Ñ‡πâ‡∏≤‡∏õ‡∏£‡∏∞‡∏™‡∏≤‡∏ô‡∏á‡∏≤‡∏ô‡πÄ‡∏ä‡πá‡∏Ñ‡∏Ñ‡∏¥‡∏ß‡∏á‡∏≤‡∏ô‡πÉ‡∏´‡∏°‡πà‡∏≠‡∏µ‡∏Å‡∏Ñ‡∏£‡∏±‡πâ‡∏á‡∏Ñ‡πà‡∏∞
Customer: ‡∏Å‡∏≥‡∏•‡∏±‡∏á‡∏à‡∏∞‡πÇ‡∏≠‡∏ô‡πÉ‡∏´‡πâ‡∏ô‡∏∞‡∏Ñ‡∏∞
Admin: ‡∏Ç‡∏≠‡∏ö‡∏û‡∏£‡∏∞‡∏Ñ‡∏∏‡∏ì‡∏Ñ‡πà‡∏∞ ‡πÅ‡∏≠‡∏î‡∏°‡∏¥‡∏ô‡∏î‡∏≥‡πÄ‡∏ô‡∏¥‡∏ô‡∏Å‡∏≤‡∏£‡∏à‡∏≠‡∏á‡πÉ‡∏´‡πâ‡∏ô‡∏∞‡∏Ñ‡∏∞",Cancel Booking
"Admin: ‡∏™‡∏ß‡∏±‡∏™‡∏î‡∏µ‡∏Ñ‡πà‡∏∞‡∏Ñ‡∏∏‡∏ì‡∏•‡∏π‡∏Å‡∏Ñ‡πâ‡∏≤ ‡πÅ‡∏≠‡∏î‡∏°‡∏¥‡∏ô‡∏õ‡∏£‡∏∞‡∏™‡∏≤‡∏ô‡∏á‡∏≤‡∏ô‡∏à‡∏≤‡∏Å‡∏Å‡∏≤‡∏£‡∏à‡∏≠‡∏á
‡∏£‡∏´‡∏±‡∏™‡∏Å‡∏≤‡∏£‡∏à‡∏≠‡∏á #25082064TS ‡∏ß‡∏±‡∏ô‡∏ó‡∏µ‡πà‡∏ô‡∏±‡∏î‡∏´‡∏°‡∏≤‡∏¢: 21 ‡∏™.‡∏Ñ. 2025 (10:00)
‡∏£‡∏∞‡∏¢‡∏∞‡πÄ‡∏ß‡∏•‡∏≤: 2.5 ‡∏ä‡∏°. 
‡∏ï‡∏≥‡πÅ‡∏´‡∏ô‡πà‡∏á‡∏ó‡∏µ‡πà‡∏û‡∏±‡∏Å: 29/52 (9B) ‡∏ä‡∏±‡πâ‡∏ô 9 ‡πÄ‡∏û‡∏¥‡∏£‡πå‡∏•‡∏Å‡∏≤‡∏£‡πå‡πÄ‡∏î‡πâ‡∏ô‡∏Ñ‡∏≠‡∏ô‡πÇ‡∏î‡∏°‡∏¥‡πÄ‡∏ô‡∏µ‡∏¢‡∏° ‡∏ã.‡∏û‡∏¥‡∏û‡∏±‡∏í‡∏ô‡πå ‡∏ñ.‡∏™‡∏µ‡∏•‡∏° ‡πÅ‡∏Ç‡∏ß‡∏á‡∏™‡∏µ‡∏•‡∏° ‡πÄ‡∏Ç‡∏ï‡∏ö‡∏≤‡∏á‡∏£‡∏±‡∏Å ‡∏Å‡∏ó‡∏°. 10500
‡∏Ñ‡∏∏‡∏ì‡πÅ‡∏°‡πà‡∏ö‡πâ‡∏≤‡∏ô Arissara Chaiyos (ID: 12198)
Admin: ‡πÄ‡∏ö‡∏∑‡πâ‡∏≠‡∏á‡∏ï‡πâ‡∏ô ‡∏Ñ‡∏∏‡∏ì‡πÅ‡∏°‡πà‡∏ö‡πâ‡∏≤‡∏ô‡πÄ‡∏£‡∏µ‡∏¢‡∏ô‡πÅ‡∏à‡πâ‡∏á‡∏ß‡πà‡∏≤‡∏Ñ‡∏∏‡∏ì‡∏•‡∏π‡∏Å‡∏Ñ‡πâ‡∏≤‡∏ï‡πâ‡∏≠‡∏á‡∏Å‡∏≤‡∏£‡∏¢‡∏Å‡πÄ‡∏•‡∏¥‡∏Å‡∏ô‡∏±‡∏î‡∏´‡∏°‡∏≤‡∏¢‡πÄ‡∏ô‡∏∑‡πà‡∏≠‡∏á‡∏à‡∏≤‡∏Å‡∏ï‡∏¥‡∏î‡∏ò‡∏∏‡∏£‡∏∞‡∏î‡πà‡∏ß‡∏ô ‡πÑ‡∏°‡πà‡∏ó‡∏£‡∏≤‡∏ö‡∏ß‡πà‡∏≤‡∏Ç‡πâ‡∏≠‡∏°‡∏π‡∏•‡∏ñ‡∏π‡∏Å‡∏ï‡πâ‡∏≠‡∏á‡πÑ‡∏´‡∏°‡∏Ñ‡∏∞
Customer: ‡∏ô‡∏±‡∏î‡∏´‡∏°‡∏≤‡∏¢‡∏ß‡∏±‡∏ô‡∏ô‡∏µ‡πâ 10 ‡πÇ‡∏°‡∏á 10 ‡πÇ‡∏°‡∏á‡∏Ñ‡∏£‡∏∂‡πà‡∏á‡∏¢‡∏±‡∏á‡∏°‡∏≤‡πÑ‡∏°‡πà‡∏ñ‡∏∂‡∏á‡πÄ‡∏•‡∏¢‡∏Ñ‡πà‡∏∞
Customer: ‡∏ï‡∏±‡∏ß‡∏¢‡∏±‡∏á‡∏°‡∏≤‡πÑ‡∏°‡πà‡∏ñ‡∏∂‡∏á ‡πÅ‡∏ï‡πà‡∏™‡πà‡∏á‡∏Ç‡πâ‡∏≠‡∏Ñ‡∏ß‡∏≤‡∏°‡∏°‡∏≤‡∏ö‡∏≠‡∏Å‡∏ß‡πà‡∏≤‡πÄ‡∏£‡∏¥‡πà‡∏°‡∏ó‡∏≥‡∏á‡∏≤‡∏ô‡πÅ‡∏•‡πâ‡∏ß
Customer: ‡πÉ‡∏Å‡∏•‡πâ‡∏ñ‡∏∂‡∏á‡πÄ‡∏ß‡∏•‡∏≤‡∏¢‡∏±‡∏á‡∏°‡∏≤‡πÑ‡∏°‡πà‡∏ñ‡∏∂‡∏á‡πÇ‡∏ó‡∏£‡∏°‡∏≤‡πÅ‡∏à‡πâ‡∏á‡πÑ‡∏î‡πâ ‡πÅ‡∏ï‡πà‡∏ó‡∏≥‡πÅ‡∏ö‡∏ö‡∏ô‡∏µ‡πâ‡πÄ‡∏£‡∏≤‡πÑ‡∏°‡πà‡∏Ñ‡πà‡∏≠‡∏¢‡∏ä‡∏≠‡∏ö‡∏Ñ‡πà‡∏∞
Admin: ‡∏ï‡πâ‡∏≠‡∏á‡∏Ç‡∏≠‡∏≠‡∏†‡∏±‡∏¢‡∏Ñ‡∏∏‡∏ì‡∏•‡∏π‡∏Å‡∏Ñ‡πâ‡∏≤‡πÄ‡∏õ‡πá‡∏ô‡∏≠‡∏¢‡πà‡∏≤‡∏á‡∏™‡∏π‡∏á‡∏Ñ‡πà‡∏∞
‡πÄ‡∏ö‡∏∑‡πâ‡∏≠‡∏á‡∏ï‡πâ‡∏ô‡∏Ñ‡∏∏‡∏ì‡πÅ‡∏°‡πà‡∏ö‡πâ‡∏≤‡∏ô‡∏ó‡πà‡∏≤‡∏ô‡∏ó‡∏µ‡πà‡∏£‡∏±‡∏ö‡∏á‡∏≤‡∏ô‡πÄ‡∏£‡∏µ‡∏¢‡∏ô‡πÅ‡∏à‡πâ‡∏á‡∏ß‡πà‡∏≤ ‡∏ñ‡∏∂‡∏á‡∏ó‡∏µ‡πà‡∏´‡∏°‡∏≤‡∏¢‡πÅ‡∏•‡πâ‡∏ß‡πÅ‡∏•‡∏∞‡πÑ‡∏î‡πâ‡∏°‡∏µ‡∏Å‡∏≤‡∏£‡πÇ‡∏ó‡∏£‡∏ï‡∏¥‡∏î‡∏ï‡πà‡∏≠‡∏Ñ‡∏∏‡∏ì‡∏•‡∏π‡∏Å‡∏Ñ‡πâ‡∏≤ ‡∏ã‡∏∂‡πà‡∏á‡∏õ‡∏•‡∏≤‡∏¢‡∏™‡∏≤‡∏¢‡πÅ‡∏à‡πâ‡∏á‡∏ß‡πà‡∏≤‡∏ï‡πâ‡∏≠‡∏á‡∏Å‡∏≤‡∏£‡∏¢‡∏Å‡πÄ‡∏•‡∏¥‡∏Å‡πÄ‡∏ô‡∏∑‡πà‡∏≠‡∏á‡∏à‡∏≤‡∏Å‡∏ï‡∏¥‡∏î‡∏ò‡∏∏‡∏£‡∏∞‡∏î‡πà‡∏ß‡∏ô ‡∏≠‡∏¢‡πà‡∏≤‡∏á‡πÅ‡∏£‡∏á‡πÉ‡∏ô‡∏™‡πà‡∏ß‡∏ô‡∏ô‡∏µ‡πâ‡πÅ‡∏≠‡∏î‡∏°‡∏¥‡∏ô‡∏Ç‡∏≠‡∏õ‡∏£‡∏∞‡∏™‡∏≤‡∏ô‡∏á‡∏≤‡∏ô‡πÉ‡∏´‡πâ‡∏Ñ‡∏∏‡∏ì‡πÅ‡∏°‡πà‡∏ö‡πâ‡∏≤‡∏ô‡πÇ‡∏ó‡∏£‡∏ï‡∏¥‡∏î‡∏ï‡πà‡∏≠‡∏Å‡∏•‡∏±‡∏ö‡∏Ñ‡∏∏‡∏ì‡∏•‡∏π‡∏Å‡∏Ñ‡πâ‡∏≤‡πÄ‡∏û‡∏¥‡πà‡∏°‡πÄ‡∏ï‡∏¥‡∏°‡∏≠‡∏µ‡∏Å‡∏Ñ‡∏£‡∏±‡πâ‡∏á‡∏ô‡∏∞‡∏Ñ‡∏∞
Customer: ‡∏ô‡∏µ‡πà‡∏Ñ‡πà‡∏∞‡πÄ‡∏õ‡πá‡∏ô‡πÄ‡∏´‡∏ï‡∏∏‡∏ú‡∏•
Customer: ‡πÄ‡∏´‡∏ï‡∏∏‡∏ú‡∏•‡∏ó‡∏µ‡πà‡πÄ‡∏£‡∏≤‡∏¢‡∏Å‡πÄ‡∏•‡∏¥‡∏Å‡∏á‡∏≤‡∏ô‡∏Ñ‡πà‡∏∞
Admin: ‡πÄ‡∏ö‡∏∑‡πâ‡∏≠‡∏á‡∏ï‡πâ‡∏ô‡∏à‡∏≤‡∏Å‡∏Å‡∏≤‡∏£‡∏õ‡∏£‡∏∞‡∏™‡∏≤‡∏ô‡∏á‡∏≤‡∏ô‡πÄ‡∏à‡πâ‡∏≤‡∏´‡∏ô‡πâ‡∏≤‡∏ó‡∏µ‡πà Contact Center ‡πÄ‡∏£‡∏µ‡∏¢‡∏ô‡πÅ‡∏à‡πâ‡∏á‡∏ß‡πà‡∏≤‡∏Ñ‡∏∏‡∏ì‡∏•‡∏π‡∏Å‡∏Ñ‡πâ‡∏≤‡∏ï‡πâ‡∏≠‡∏á‡∏Å‡∏≤‡∏£‡πÄ‡∏•‡∏∑‡πà‡∏≠‡∏ô‡∏ô‡∏±‡∏î‡∏´‡∏°‡∏≤‡∏¢‡πÄ‡∏õ‡πá‡∏ô‡∏ß‡∏±‡∏ô‡∏ó‡∏µ‡πà 22 ‡∏™‡∏¥‡∏á‡∏´‡∏≤‡∏Ñ‡∏° ‡πÄ‡∏ß‡∏•‡∏≤ 10.00 ‡∏ô. ‡πÅ‡∏•‡∏∞‡∏ï‡πâ‡∏≠‡∏á‡∏Å‡∏≤‡∏£‡πÄ‡∏õ‡∏•‡∏µ‡πà‡∏¢‡∏ô‡πÄ‡∏õ‡πá‡∏ô‡∏Ñ‡∏∏‡∏ì‡πÅ‡∏°‡πà‡∏ö‡πâ‡∏≤‡∏ô‡∏ó‡πà‡∏≤‡∏ô‡∏≠‡∏∑‡πà‡∏ô‡∏ô‡∏∞‡∏Ñ‡∏∞ 
‡πÅ‡∏≠‡∏î‡∏°‡∏¥‡∏ô‡∏ï‡πâ‡∏≠‡∏á‡∏Ç‡∏≠‡∏≠‡∏†‡∏±‡∏¢‡∏Å‡∏±‡∏ö‡πÄ‡∏´‡∏ï‡∏∏‡∏Å‡∏≤‡∏£‡∏ì‡πå‡∏ó‡∏µ‡πà‡πÄ‡∏Å‡∏¥‡∏î‡∏Ç‡∏∂‡πâ‡∏ô‡πÄ‡∏õ‡πá‡∏ô‡∏≠‡∏¢‡πà‡∏≤‡∏á‡∏™‡∏π‡∏á‡∏Ñ‡πà‡∏∞ ‡∏à‡∏≤‡∏Å‡∏Å‡∏≤‡∏£‡∏õ‡∏£‡∏∞‡∏™‡∏≤‡∏ô‡∏á‡∏≤‡∏ô‡πÄ‡∏û‡∏¥‡πà‡∏°‡πÄ‡∏ï‡∏¥‡∏° ‡∏Ñ‡∏∏‡∏ì‡πÅ‡∏°‡πà‡∏ö‡πâ‡∏≤‡∏ô‡πÄ‡∏£‡∏µ‡∏¢‡∏ô‡πÅ‡∏à‡πâ‡∏á‡∏ß‡πà‡∏≤‡∏´‡∏•‡∏á‡∏ó‡∏≤‡∏á ‡πÅ‡∏•‡∏∞‡∏´‡∏≤‡∏ó‡∏≤‡∏á‡πÄ‡∏Ç‡πâ‡∏≤‡∏≠‡∏≤‡∏Ñ‡∏≤‡∏£‡πÑ‡∏°‡πà‡πÄ‡∏à‡∏≠ 
‡∏≠‡∏¢‡πà‡∏≤‡∏á‡πÑ‡∏£‡∏™‡∏≥‡∏´‡∏£‡∏±‡∏ö‡∏Ñ‡∏∏‡∏ì‡πÅ‡∏°‡πà‡∏ö‡πâ‡∏≤‡∏ô‡∏ó‡πà‡∏≤‡∏ô‡∏ô‡∏µ‡πâ‡πÅ‡∏≠‡∏î‡∏°‡∏¥‡∏ô‡∏à‡∏∞‡∏õ‡∏£‡∏∞‡∏™‡∏≤‡∏ô‡∏á‡∏≤‡∏ô‡πÄ‡∏à‡πâ‡∏≤‡∏´‡∏ô‡πâ‡∏≤‡∏ó‡∏µ‡πà‡∏ù‡πà‡∏≤‡∏¢‡∏Ñ‡∏∏‡∏ì‡∏†‡∏≤‡∏û ‡∏î‡∏≥‡πÄ‡∏ô‡∏¥‡∏ô‡∏Å‡∏≤‡∏£‡πÅ‡∏•‡∏∞‡∏ï‡∏£‡∏ß‡∏à‡∏™‡∏≠‡∏ö‡∏Ñ‡∏∏‡∏ì‡πÅ‡∏°‡πà‡∏ö‡πâ‡∏≤‡∏ô‡πÉ‡∏´‡πâ‡πÄ‡∏û‡∏¥‡πà‡∏°‡πÄ‡∏ï‡∏¥‡∏°‡∏ô‡∏∞‡∏Ñ‡∏∞
Admin: ‡πÅ‡∏≠‡∏î‡∏°‡∏¥‡∏ô‡∏Ç‡∏≠‡∏≠‡∏ô‡∏∏‡∏ç‡∏≤‡∏ï‡πÄ‡∏õ‡πá‡∏ô‡∏Å‡∏≤‡∏£‡∏õ‡∏£‡∏∞‡∏™‡∏≤‡∏ô‡∏á‡∏≤‡∏ô‡∏Ñ‡∏∏‡∏ì‡πÅ‡∏°‡πà‡∏ö‡πâ‡∏≤‡∏ô‡∏ó‡πà‡∏≤‡∏ô‡πÉ‡∏´‡∏°‡πà ‡∏ï‡∏≤‡∏°‡∏ô‡∏±‡∏î‡∏´‡∏°‡∏≤‡∏¢‡∏ó‡∏µ‡πà‡∏Ñ‡∏∏‡∏ì‡∏•‡∏π‡∏Å‡∏Ñ‡πâ‡∏≤‡πÅ‡∏à‡πâ‡∏á ‡πÅ‡∏•‡∏∞‡πÄ‡∏ô‡πâ‡∏ô‡∏¢‡πâ‡∏≥‡πÉ‡∏ô‡∏™‡πà‡∏ß‡∏ô‡∏Ç‡∏≠‡∏á‡∏Å‡∏≤‡∏£‡πÄ‡∏î‡∏¥‡∏ô‡∏ó‡∏≤‡∏á ‡πÅ‡∏•‡∏∞‡∏Å‡∏≤‡∏£‡∏ï‡∏¥‡∏î‡∏ï‡πà‡∏≠‡∏¢‡∏∑‡∏ô‡∏¢‡∏±‡∏ô‡∏Ñ‡∏∏‡∏ì‡∏•‡∏π‡∏Å‡∏Ñ‡πâ‡∏≤‡πÄ‡∏û‡∏∑‡πà‡∏≠‡πÄ‡∏Ç‡πâ‡∏≤‡πÉ‡∏´‡πâ‡∏ö‡∏£‡∏¥‡∏Å‡∏≤‡∏£‡∏ô‡∏∞‡∏Ñ‡∏∞ 
‡∏ï‡πâ‡∏≠‡∏á‡∏Ç‡∏≠‡∏≠‡∏†‡∏±‡∏¢‡πÉ‡∏ô‡∏Ñ‡∏ß‡∏≤‡∏°‡πÑ‡∏°‡πà‡∏™‡∏∞‡∏î‡∏ß‡∏Å‡πÄ‡∏õ‡πá‡∏ô‡∏≠‡∏¢‡πà‡∏≤‡∏á‡∏™‡∏π‡∏á‡∏Ñ‡πà‡∏∞",Booking Service
"Customer: ‡∏™‡∏ô‡πÉ‡∏à‡∏ö‡∏£‡∏¥‡∏Å‡∏≤‡∏£‡∏£‡∏µ‡∏î‡∏ú‡πâ‡∏≤
‡∏Ñ‡∏¥‡∏î‡∏Ñ‡πà‡∏≤‡∏ö‡∏£‡∏¥‡∏Å‡∏≤‡∏£‡∏¢‡∏±‡∏á‡πÑ‡∏á‡∏Ñ‡∏£‡∏±‡∏ö
Admin: #‡∏™‡πà‡∏á‡∏´‡∏±‡∏ß‡∏Ç‡πâ‡∏≠‡∏Å‡∏≤‡∏£‡∏ï‡∏¥‡∏î‡∏ï‡πà‡∏≠(‡∏´‡∏•‡∏±‡∏Å) ‡πÉ‡∏´‡πâ‡∏•‡∏π‡∏Å‡∏Ñ‡πâ‡∏≤‡πÄ‡∏•‡∏∑‡∏≠‡∏Å
Admin: ‡∏™‡∏ß‡∏±‡∏™‡∏î‡∏µ‡∏Ñ‡πà‡∏∞ ‡∏Ñ‡∏∏‡∏ì‡∏•‡∏π‡∏Å‡∏Ñ‡πâ‡∏≤ ‡∏ß‡∏±‡∏ô‡∏ô‡∏µ‡πâ‡∏Ñ‡∏∏‡∏ì‡∏•‡∏π‡∏Å‡∏Ñ‡πâ‡∏≤‡∏ï‡πâ‡∏≠‡∏á‡∏Å‡∏≤‡∏£‡πÉ‡∏´‡πâ‡πÅ‡∏≠‡∏î‡∏°‡∏¥‡∏ô‡∏ä‡πà‡∏ß‡∏¢‡πÄ‡∏´‡∏•‡∏∑‡∏≠‡∏î‡πâ‡∏≤‡∏ô‡πÉ‡∏î‡∏î‡∏µ‡∏Ñ‡∏∞
*‡∏Å‡∏£‡∏ì‡∏µ‡πÄ‡∏£‡πà‡∏á‡∏î‡πà‡∏ß‡∏ô ‡∏Å‡∏£‡∏∏‡∏ì‡∏≤‡∏ï‡∏¥‡∏î‡∏ï‡πà‡∏≠‡πÄ‡∏ö‡∏≠‡∏£‡πå 02-113-1138 (‡∏ä‡πà‡∏ß‡∏á‡πÄ‡∏ß‡∏•‡∏≤‡∏ó‡∏≥‡∏Å‡∏≤‡∏£ 8.30 - 17.30 ‡∏ô.)
Customer: ‡∏™‡∏ñ‡∏≤‡∏ô‡∏ó‡∏µ‡πà ‡∏û‡∏∏‡∏ó‡∏ò‡∏°‡∏ì‡∏ë‡∏•‡∏™‡∏≤‡∏¢2
Admin: ‡∏™‡∏ß‡∏±‡∏™‡∏î‡∏µ‡∏Ñ‡πà‡∏∞ ‡πÅ‡∏≠‡∏î‡∏°‡∏¥‡∏ô‡∏ß‡∏≤‡∏™‡∏ô‡∏≤ ‡∏¢‡∏¥‡∏ô‡∏î‡∏µ‡πÉ‡∏´‡πâ‡∏ö‡∏£‡∏¥‡∏Å‡∏≤‡∏£‡∏Ñ‡πà‡∏∞üòä
‡πÅ‡∏≠‡∏î‡∏°‡∏¥‡∏ô‡∏ï‡∏£‡∏ß‡∏à‡∏™‡∏≠‡∏ö‡∏Ç‡πâ‡∏≠‡∏°‡∏π‡∏•‡πÉ‡∏´‡πâ‡∏™‡∏±‡∏Å‡∏Ñ‡∏£‡∏π‡πà‡∏Ñ‡πà‡∏∞
Admin: ‡πÄ‡∏£‡∏µ‡∏¢‡∏ô‡πÅ‡∏à‡πâ‡∏á‡∏Ñ‡πà‡∏≤‡∏ö‡∏£‡∏¥‡∏Å‡∏≤‡∏£‡∏á‡∏≤‡∏ô‡∏£‡∏µ‡∏î‡∏ú‡πâ‡∏≤ ‡πÅ‡∏•‡∏∞‡∏Ç‡∏≠‡∏ö‡πÄ‡∏Ç‡∏ï‡∏Å‡∏≤‡∏£‡πÉ‡∏´‡πâ‡∏ö‡∏£‡∏¥‡∏Å‡∏≤‡∏£‡∏Ñ‡πà‡∏∞
‡πÇ‡∏î‡∏¢‡∏Ñ‡πà‡∏≤‡∏ö‡∏£‡∏¥‡∏Å‡∏≤‡∏£‡∏î‡∏±‡∏á‡∏Å‡∏•‡πà‡∏≤‡∏ß ‡∏£‡∏ß‡∏°‡∏†‡∏≤‡∏©‡∏µ‡∏°‡∏π‡∏•‡∏Ñ‡πà‡∏≤‡πÄ‡∏û‡∏¥‡πà‡∏° 7%
*‡∏™‡πà‡∏ß‡∏ô‡∏≠‡∏∏‡∏õ‡∏Å‡∏£‡∏ì‡πå‡∏û‡∏∑‡πâ‡∏ô‡∏ê‡∏≤‡∏ô‡∏ï‡πà‡∏≤‡∏á‡πÜ ‡πÅ‡∏•‡∏∞‡∏Ñ‡πà‡∏≤‡πÄ‡∏î‡∏¥‡∏ô‡∏ó‡∏≤‡∏á‡∏Ç‡∏≠‡∏á‡∏Ñ‡∏∏‡∏ì‡πÅ‡∏°‡πà‡∏ö‡πâ‡∏≤‡∏ô ‡∏ó‡∏≤‡∏á‡∏Ñ‡∏∏‡∏ì‡πÅ‡∏°‡πà‡∏ö‡πâ‡∏≤‡∏ô‡∏à‡∏∞‡πÄ‡∏õ‡πá‡∏ô‡∏ú‡∏π‡πâ‡∏à‡∏±‡∏î‡πÄ‡∏ï‡∏£‡∏µ‡∏¢‡∏°‡πÑ‡∏õ‡πÄ‡∏≠‡∏á‡∏Ñ‡πà‡∏∞
Admin: ‡πÄ‡∏£‡∏µ‡∏¢‡∏ô‡πÅ‡∏à‡πâ‡∏á‡∏Ç‡∏≠‡∏ö‡πÄ‡∏Ç‡∏ï‡∏Å‡∏≤‡∏£‡πÉ‡∏´‡πâ‡∏ö‡∏£‡∏¥‡∏Å‡∏≤‡∏£‡πÅ‡∏•‡∏∞‡∏£‡∏≤‡∏Ñ‡∏≤‡∏Ñ‡πà‡∏∞ ",Booking Service
"Customer: ‡∏ï‡∏¥‡∏î‡∏ï‡πà‡∏≠‡πÄ‡∏à‡πâ‡∏≤‡∏´‡∏ô‡πâ‡∏≤‡∏ó‡∏µ‡πà ‡πÄ‡∏û‡∏∑‡πà‡∏≠‡∏™‡∏≠‡∏ö‡∏ñ‡∏≤‡∏°‡∏Ç‡πâ‡∏≠‡∏°‡∏π‡∏•‡πÄ‡∏û‡∏¥‡πà‡∏°‡πÄ‡∏ï‡∏¥‡∏°
Admin: ‡∏™‡∏ß‡∏±‡∏™‡∏î‡∏µ‡∏Ñ‡πà‡∏∞ ‡πÑ‡∏°‡πà‡∏ó‡∏£‡∏≤‡∏ö‡∏ß‡πà‡∏≤‡∏Ñ‡∏∏‡∏ì‡∏•‡∏π‡∏Å‡∏Ñ‡πâ‡∏≤‡∏ï‡πâ‡∏≠‡∏á‡∏Å‡∏≤‡∏£‡∏™‡∏≠‡∏ö‡∏ñ‡∏≤‡∏°‡∏Ç‡πâ‡∏≠‡∏°‡∏π‡∏•‡∏î‡πâ‡∏≤‡∏ô‡πÉ‡∏î‡∏Ñ‡∏∞ üòä
Customer: ‡πÅ‡∏à‡πâ‡∏á‡∏Ñ‡∏ß‡∏≤‡∏°‡πÄ‡∏™‡∏µ‡∏¢‡∏´‡∏≤‡∏¢‡∏ó‡∏µ‡πà‡πÅ‡∏°‡πà‡∏ö‡πâ‡∏≤‡∏ô ‡∏°‡∏≤‡∏ó‡∏≥‡∏Ñ‡∏ß‡∏≤‡∏°‡∏™‡∏∞‡∏≠‡∏≤‡∏î‡∏Ñ‡πà‡∏∞
Customer: ‡∏ñ‡πâ‡∏≤‡πÄ‡∏£‡∏≤‡∏°‡∏≤‡πÉ‡∏ä‡πâ‡∏´‡πâ‡∏≠‡∏á‡∏ô‡πâ‡∏≥‡πÉ‡∏ô‡∏´‡πâ‡∏≠‡∏á‡∏ô‡∏≠‡∏ô‡πÉ‡∏´‡∏ç‡πà‡∏Å‡πà‡∏≠‡∏ô‡πÅ‡∏•‡πâ‡∏ß‡πÄ‡∏£‡∏≤‡πÄ‡∏´‡πá‡∏ô ‡πÄ‡∏£‡∏≤‡∏Å‡πá‡∏à‡∏∞‡πÑ‡∏°‡πà‡πÑ‡∏î‡πâ‡∏£‡∏µ‡∏ß‡∏¥‡∏ß‡πÉ‡∏´‡πâ 4 ‡∏î‡∏≤‡∏ß ‡∏Ñ‡∏ß‡∏≤‡∏°‡πÄ‡∏õ‡πá‡∏ô‡∏à‡∏£‡∏¥‡∏á‡∏Ñ‡∏∑‡∏≠‡∏≠‡∏¢‡∏≤‡∏Å‡∏£‡∏µ‡∏ß‡∏¥‡∏ß‡πÅ‡∏Ñ‡πà 2-3 ‡∏î‡∏≤‡∏ß ‡πÅ‡∏ï‡πà‡∏Å‡πá‡πÄ‡∏´‡πá‡∏ô‡πÉ‡∏à‡∏ó‡∏µ‡πà‡πÄ‡∏Ç‡∏≤‡πÄ‡∏û‡∏¥‡πà‡∏á‡∏à‡∏∞‡∏°‡∏≤‡πÄ‡∏£‡∏¥‡πà‡∏°‡∏á‡∏≤‡∏ô
Customer: ‡πÅ‡∏°‡πà‡∏ö‡πâ‡∏≤‡∏ô‡∏ó‡∏≥‡∏à‡∏∏‡∏Å‡∏õ‡∏¥‡∏î‡∏≠‡πà‡∏≤‡∏á‡∏•‡πâ‡∏≤‡∏á‡∏´‡∏ô‡πâ‡∏≤‡∏Ç‡∏≠‡∏á‡πÄ‡∏£‡∏≤‡∏ä‡∏≥‡∏£‡∏∏‡∏î‡∏Ñ‡πà‡∏∞ ‡πÄ‡∏Ñ‡∏•‡∏°‡πÑ‡∏î‡πâ‡∏≠‡∏¢‡πà‡∏≤‡∏á‡πÑ‡∏£‡∏ö‡πâ‡∏≤‡∏á‡∏Ñ‡∏∞
Customer: ‡∏ó‡∏µ‡πà‡∏ñ‡∏π‡∏Å‡∏ï‡πâ‡∏≠‡∏á‡∏ï‡πâ‡∏≠‡∏á‡πÄ‡∏õ‡πá‡∏ô‡πÅ‡∏ö‡∏ö‡∏ô‡∏µ‡πâ‡∏Ñ‡πà‡∏∞
Admin: ‡∏Ç‡∏ì‡∏∞‡∏ô‡∏µ‡πâ‡∏°‡∏µ‡∏ú‡∏π‡πâ‡∏ï‡∏¥‡∏î‡∏ï‡πà‡∏≠‡πÄ‡∏Ç‡πâ‡∏≤‡∏°‡∏≤‡πÄ‡∏õ‡πá‡∏ô‡∏à‡∏≥‡∏ô‡∏ß‡∏ô‡∏°‡∏≤‡∏Å ‡∏≠‡∏≤‡∏à‡πÄ‡∏Å‡∏¥‡∏î‡∏Ñ‡∏ß‡∏≤‡∏°‡∏•‡πà‡∏≤‡∏ä‡πâ‡∏≤‡πÉ‡∏ô‡∏Å‡∏≤‡∏£‡∏ï‡∏≠‡∏ö‡∏Å‡∏•‡∏±‡∏ö ‡∏ó‡∏≤‡∏á‡πÄ‡∏£‡∏≤‡∏Å‡∏≥‡∏•‡∏±‡∏á‡πÄ‡∏£‡πà‡∏á‡∏î‡∏≥‡πÄ‡∏ô‡∏¥‡∏ô‡∏Å‡∏≤‡∏£‡∏≠‡∏¢‡πà‡∏≤‡∏á‡πÄ‡∏ï‡πá‡∏°‡∏ó‡∏µ‡πà ‡∏ï‡πâ‡∏≠‡∏á‡∏Ç‡∏≠‡∏≠‡∏†‡∏±‡∏¢‡πÉ‡∏ô‡∏Ñ‡∏ß‡∏≤‡∏°‡πÑ‡∏°‡πà‡∏™‡∏∞‡∏î‡∏ß‡∏Å‡∏ó‡∏µ‡πà‡πÄ‡∏Å‡∏¥‡∏î‡∏Ç‡∏∂‡πâ‡∏ô‡∏î‡πâ‡∏ß‡∏¢‡∏ô‡∏∞‡∏Ñ‡∏∞
Customer: ‡∏™‡∏ß‡∏±‡∏™‡∏î‡∏µ‡∏Ñ‡∏£‡∏±‡∏ö ‡πÅ‡∏≠‡∏î‡∏°‡∏¥‡∏ô‡∏ô‡∏±‡∏ó‡∏Ç‡∏≠‡∏≠‡∏ô‡∏∏‡∏ç‡∏≤‡∏ï‡∏î‡∏π‡πÅ‡∏•‡∏Ñ‡∏∏‡∏ì‡∏•‡∏π‡∏Å‡∏Ñ‡πâ‡∏≤‡∏Ñ‡∏£‡∏±‡∏ö
‡πÅ‡∏≠‡∏î‡∏°‡∏¥‡∏ô‡∏ï‡πâ‡∏≠‡∏á‡∏Ç‡∏≠‡∏≠‡∏†‡∏±‡∏¢‡∏Å‡∏±‡∏ö‡πÄ‡∏´‡∏ï‡∏∏‡∏Å‡∏≤‡∏£‡∏ì‡πå‡∏ó‡∏µ‡πà‡πÄ‡∏Å‡∏¥‡∏ô‡∏Ç‡∏∂‡πâ‡∏ô‡∏Ñ‡∏£‡∏±‡∏ö ‡∏Ñ‡∏∏‡∏ì‡∏•‡∏π‡∏Å‡∏Ñ‡πâ‡∏≤‡∏ï‡πâ‡∏≠‡∏á‡∏Å‡∏≤‡∏£‡πÄ‡πÄ‡∏à‡πâ‡∏á‡πÄ‡∏Ñ‡∏•‡∏°‡∏Ñ‡∏ß‡∏≤‡∏°‡πÄ‡∏™‡∏µ‡∏¢‡∏´‡∏≤‡∏¢‡∏Å‡∏≤‡∏£‡∏à‡∏≠‡∏á‡∏ô‡∏µ‡πâ ‡∏ñ‡∏π‡∏Å‡∏ï‡πâ‡∏≠‡∏á‡πÑ‡∏´‡∏°‡∏Ñ‡∏£‡∏±‡∏ö
‡∏£‡∏´‡∏±‡∏™‡∏Å‡∏≤‡∏£‡∏à‡∏≠‡∏á #250811Y7M3 ‡∏ß‡∏±‡∏ô‡∏ó‡∏µ‡πà‡∏ô‡∏±‡∏î‡∏´‡∏°‡∏≤‡∏¢: 16 ‡∏™.‡∏Ñ. 2025 (13:30)
‡∏£‡∏∞‡∏¢‡∏∞‡πÄ‡∏ß‡∏•‡∏≤: 4 ‡∏ä‡∏°.
‡∏ä‡∏∑‡πà‡∏≠‡∏ó‡∏µ‡πà‡∏û‡∏±‡∏Å: ‡∏ä‡∏±‡∏¢‡∏û‡∏§‡∏Å‡∏©‡πå ‡∏ö‡∏≤‡∏á‡∏ô‡∏≤ ‡∏Å‡∏°.13 ‡∏™‡∏°‡∏∏‡∏ó‡∏£‡∏õ‡∏£‡∏≤‡∏Å‡∏≤‡∏£
‡∏ï‡∏≥‡πÅ‡∏´‡∏ô‡πà‡∏á‡∏ó‡∏µ‡πà‡∏û‡∏±‡∏Å: 468/22 ‡∏´‡∏°‡∏π‡πà 11 ‡∏≠‡∏≥‡πÄ‡∏†‡∏≠‡∏ö‡∏≤‡∏á‡∏û‡∏•‡∏µ ‡∏™‡∏°‡∏∏‡∏ó‡∏£‡∏õ‡∏£‡∏≤‡∏Å‡∏≤‡∏£ 10540, ‡∏ö‡∏≤‡∏á‡πÇ‡∏â‡∏•‡∏á/Bang Chalong, ‡∏ö‡∏≤‡∏á‡∏û‡∏•‡∏µ/Bang Phli, ‡∏™‡∏°‡∏∏‡∏ó‡∏£‡∏õ‡∏£‡∏≤‡∏Å‡∏≤‡∏£/Samut Prakan
Admin: ‡πÅ‡∏≠‡∏î‡∏°‡∏¥‡∏ô‡∏õ‡∏£‡∏∞‡∏™‡∏≤‡∏ô‡∏á‡∏≤‡∏ô‡∏´‡∏ô‡πà‡∏ß‡∏¢‡∏á‡∏≤‡∏ô‡∏ó‡∏µ‡πà‡πÄ‡∏Å‡∏µ‡πà‡∏¢‡∏ß‡∏Ç‡πâ‡∏≠‡∏á‡πÉ‡∏´‡πâ‡∏Ñ‡∏£‡∏±‡∏ö‡∏Ñ‡∏∏‡∏ì‡∏•‡∏π‡∏Å ‡∏≠‡∏¢‡πà‡∏≤‡∏á‡πÑ‡∏£‡πÉ‡∏ô‡∏™‡πà‡∏ß‡∏ô‡∏Ç‡∏≠‡∏á‡∏Ñ‡∏ß‡∏≤‡∏°‡πÄ‡∏™‡∏µ‡∏¢‡∏´‡∏≤‡∏¢‡∏ó‡∏µ‡πà‡πÄ‡∏Å‡∏¥‡∏ô‡∏Ç‡∏∂‡πâ‡∏ô‡∏à‡∏∞‡∏°‡∏µ‡πÄ‡∏à‡πâ‡∏≤‡∏´‡∏ô‡πâ‡∏≤‡∏ó‡∏µ‡πà‡∏ï‡∏¥‡∏î‡∏ï‡πà‡∏≠‡∏Å‡∏•‡∏±‡∏ö‡∏≠‡∏µ‡∏Å‡∏Ñ‡∏£‡∏±‡πâ‡∏á‡∏Ñ‡∏£‡∏±‡∏ö
Customer: ‡∏Ñ‡πà‡∏∞
Customer: ‡πÉ‡∏ä‡πà‡∏Ñ‡πà‡∏∞ ‡∏≠‡∏±‡∏ô‡∏ô‡∏µ‡πâ‡πÅ‡∏Ñ‡πà‡∏ó‡∏µ‡πà‡πÄ‡∏£‡∏≤‡πÄ‡∏à‡∏≠ ‡πÄ‡∏•‡∏¢‡∏ó‡∏≥‡πÉ‡∏´‡πâ‡πÄ‡∏£‡∏≤‡πÑ‡∏°‡πà‡∏°‡∏µ‡∏Ñ‡∏ß‡∏≤‡∏°‡πÑ‡∏ß‡πâ‡∏ß‡∏≤‡∏á‡πÉ‡∏à‡∏ß‡πà‡∏≤‡πÅ‡∏•‡πâ‡∏ß. ‡∏≠‡∏∑‡πà‡∏ô‡∏ó‡∏µ‡πà‡πÄ‡∏£‡∏≤‡∏¢‡∏±‡∏á‡πÑ‡∏°‡πà‡∏û‡∏ö ‡∏à‡∏∞‡πÄ‡∏õ‡πá‡∏ô‡∏≠‡∏¢‡πà‡∏≤‡∏á‡πÑ‡∏£‡∏ö‡πâ‡∏≤‡∏á ‡∏à‡∏≤‡∏Å‡∏Ñ‡∏ß‡∏≤‡∏°‡πÑ‡∏°‡πà‡∏£‡∏≠‡∏ö‡∏Ñ‡∏≠‡∏ö ‡πÑ‡∏°‡πà professioanl ‡∏Ç‡∏≠‡∏á‡πÅ‡∏°‡πà‡∏ö‡πâ‡∏≤‡∏ô‡∏Ñ‡πà‡∏∞
Admin: ‡πÅ‡∏≠‡∏î‡∏°‡∏¥‡∏ô‡∏ï‡πâ‡∏≠‡∏á‡∏Ç‡∏≠‡∏≠‡∏†‡∏±‡∏¢‡πÄ‡∏õ‡πá‡∏ô‡∏≠‡∏¢‡πà‡∏≤‡∏á‡∏™‡∏π‡∏á‡∏Å‡∏±‡∏ö‡πÄ‡∏´‡∏ï‡∏∏‡∏Å‡∏≤‡∏£‡∏ì‡πå‡∏ó‡∏µ‡πà‡πÄ‡∏Å‡∏¥‡∏î‡∏Ç‡∏∂‡πâ‡∏ô‡∏Ñ‡∏£‡∏±‡∏ö‡∏Ñ‡∏∏‡∏ì‡∏•‡∏π‡∏Å‡∏Ñ‡πâ‡∏≤ ‡πÅ‡∏≠‡∏î‡∏°‡∏¥‡∏ô‡∏õ‡∏£‡∏∞‡∏™‡∏≤‡∏ô‡∏á‡∏≤‡∏ô‡∏´‡∏ô‡πà‡∏ß‡∏¢‡∏á‡∏≤‡∏ô‡∏ó‡∏µ‡πà‡πÄ‡∏Å‡∏µ‡πà‡∏¢‡∏ß‡∏Ç‡πâ‡∏≠‡∏á‡πÉ‡∏´‡πâ‡πÄ‡∏£‡∏µ‡∏¢‡∏ö‡∏£‡πâ‡∏≠‡∏¢‡πÄ‡πÄ‡∏•‡πâ‡∏ß‡∏Ñ‡∏£‡∏±‡∏ö ‡∏≠‡∏¢‡πà‡∏≤‡∏á‡πÑ‡∏£‡∏à‡∏∞‡∏°‡∏µ‡πÄ‡∏à‡πâ‡∏≤‡∏´‡∏ô‡πâ‡∏≤‡∏ó‡∏µ‡πà‡∏ï‡∏¥‡∏î‡∏ï‡πà‡∏≠‡∏Ñ‡∏∏‡∏ì‡∏•‡∏π‡∏Å‡∏Ñ‡πâ‡∏≤‡∏Å‡∏•‡∏±‡∏ö‡∏≠‡∏µ‡∏Å‡∏Ñ‡∏£‡∏±‡πâ‡∏á‡∏ô‡∏∞‡∏Ñ‡∏£‡∏±‡∏ö
Customer: ‡∏Ç‡∏≠‡∏ö‡∏Ñ‡∏∏‡∏ì‡∏Ñ‡πà‡∏∞
Customer: ‡∏ô‡πà‡∏≤‡∏à‡∏∞‡∏ï‡∏¥‡∏î‡∏ï‡πà‡∏≠‡∏Å‡∏•‡∏±‡∏ö‡∏°‡∏≤‡∏ß‡∏±‡∏ô‡πÑ‡∏´‡∏ô‡∏Ñ‡∏∞
Admin: ‡πÄ‡∏à‡πâ‡∏≤‡∏´‡∏ô‡πâ‡∏≤‡∏ó‡∏µ‡πà‡∏õ‡∏£‡∏∞‡∏™‡∏≤‡∏ô‡∏™‡πà‡∏ß‡∏ô‡∏á‡∏≤‡∏ô‡πÄ‡∏û‡∏¥‡πà‡∏°‡πÄ‡∏ï‡∏¥‡∏°‡πÉ‡∏´‡πâ‡∏Ñ‡πà‡∏∞
Customer: ‡∏£‡∏µ‡∏ß‡∏¥‡∏ß ‡∏à‡∏≤‡∏Å 4 ‡∏î‡∏≤‡∏ß‡∏ó‡∏µ‡πà‡πÉ‡∏´‡πâ ‡πÄ‡∏´‡∏•‡∏∑‡∏≠ 1 ‡∏î‡∏≤‡∏ß ‡∏Ñ‡πà‡∏∞ ‡∏´‡∏£‡∏∑‡∏≠ 0 ‡∏î‡∏≤‡∏ß
Comment
‡πÑ‡∏°‡πà‡∏°‡∏µ‡∏Ñ‡∏ß‡∏≤‡∏°‡∏£‡∏±‡∏ö‡∏ú‡∏¥‡∏î‡∏ä‡∏≠‡∏ö ‡∏ó‡∏≥‡∏ó‡∏£‡∏±‡∏û‡∏¢‡πå‡∏™‡∏¥‡∏ô‡∏Ñ‡πâ‡∏≤‡∏Ç‡∏≠‡∏á‡∏•‡∏π‡∏Å‡∏Ñ‡πâ‡∏≤‡πÄ‡∏™‡∏µ‡∏¢‡∏´‡∏≤‡∏¢ ‡πÑ‡∏°‡πà‡πÅ‡∏à‡πâ‡∏á‡πÉ‡∏´‡πâ‡πÄ‡∏£‡∏≤‡∏ó‡∏£‡∏≤‡∏ö ‡πÄ‡∏£‡∏≤‡∏°‡∏≤‡πÄ‡∏à‡∏≠‡πÄ‡∏≠‡∏á ‡πÅ‡∏•‡πâ‡∏ß‡∏Å‡πá‡∏ó‡∏≥‡πÉ‡∏´‡πâ‡πÑ‡∏°‡πà‡∏°‡∏µ‡∏Ñ‡∏ß‡∏≤‡∏°‡∏°‡∏±‡πà‡∏ô‡πÉ‡∏à‡∏ß‡πà‡∏≤ ‡∏°‡∏µ‡∏à‡∏∏‡∏î‡∏≠‡∏∑‡πà‡∏ô‡∏≠‡∏µ‡∏Å‡∏´‡∏£‡∏∑‡∏≠‡πÄ‡∏õ‡∏•‡πà‡∏≤‡∏ó‡∏µ‡πà‡πÄ‡∏™‡∏µ‡∏¢‡∏´‡∏≤‡∏¢ ‡πÅ‡∏ï‡πà‡∏ï‡∏≠‡∏ô‡∏ô‡∏µ‡πâ‡πÄ‡∏£‡∏≤‡∏¢‡∏±‡∏á‡πÑ‡∏°‡πà‡∏û‡∏ö ‡∏Å‡∏≤‡∏£‡∏ó‡∏≥‡∏á‡∏≤‡∏ô‡∏ó‡∏µ‡πà‡πÑ‡∏°‡πà Professional ‡∏Ç‡∏≠‡∏á‡πÅ‡∏°‡πà‡∏ö‡πâ‡∏≤‡∏ô ‡πÄ‡∏£‡∏≤‡πÑ‡∏°‡πà‡∏õ‡∏£‡∏∞‡∏ó‡∏±‡∏ö‡πÉ‡∏à‡∏Ñ‡πà‡∏∞ 
Admin: ‡πÅ‡∏Å‡πâ‡πÑ‡∏Ç‡∏£‡∏µ‡∏ß‡∏¥‡∏ß‡πÉ‡∏´‡πâ‡∏î‡πâ‡∏ß‡∏¢‡∏ô‡∏∞‡∏Ñ‡∏∞ ‡∏ñ‡πâ‡∏≤‡∏ó‡∏≥‡πÄ‡∏™‡∏£‡πá‡∏à‡πÄ‡∏£‡∏µ‡∏¢‡∏ö‡∏£‡πâ‡∏≠‡∏¢‡πÅ‡∏•‡πâ‡∏ß ‡∏™‡πà‡∏á‡∏°‡∏≤‡πÉ‡∏´‡πâ‡πÄ‡∏£‡∏≤‡∏î‡∏π‡∏î‡πâ‡∏ß‡∏¢‡∏Ñ‡πà‡∏∞
Admin: ‡∏Ç‡∏≠‡∏ö‡∏û‡∏£‡∏∞‡∏Ñ‡∏∏‡∏ì‡∏™‡∏≥‡∏´‡∏£‡∏±‡∏ö‡∏Ç‡πâ‡∏≠‡∏°‡∏π‡∏•‡∏Ñ‡πà‡∏∞ ‡∏ï‡∏≤‡∏°‡∏ó‡∏µ‡πà‡πÄ‡∏£‡∏µ‡∏¢‡∏ô‡∏™‡∏≤‡∏¢‡πÄ‡∏°‡∏∑‡πà‡∏≠‡∏™‡∏±‡∏Å‡∏Ñ‡∏£‡∏π‡πà‡πÄ‡∏à‡πâ‡∏≤‡∏´‡∏ô‡πâ‡∏≤‡∏ó‡∏µ‡πà‡∏õ‡∏£‡∏∞‡∏™‡∏≤‡∏ô‡∏ó‡∏≤‡∏á‡∏™‡πà‡∏ß‡∏ô‡∏á‡∏≤‡∏ô‡πÄ‡∏û‡∏¥‡πà‡∏°‡πÄ‡∏ï‡∏¥‡∏°‡πÉ‡∏´‡πâ‡∏Ñ‡πà‡∏∞ 
Admin: ‡∏ó‡∏≤‡∏á‡∏™‡πà‡∏ß‡∏ô‡∏á‡∏≤‡∏ô‡∏î‡∏≥‡πÄ‡∏ô‡∏¥‡∏ô‡∏Å‡∏≤‡∏£‡πÅ‡∏Å‡πâ‡πÑ‡∏Ç‡∏£‡∏µ‡∏ß‡∏¥‡∏ß‡πÉ‡∏´‡πâ‡πÄ‡∏£‡∏µ‡∏¢‡∏ö‡∏£‡πâ‡∏≠‡∏¢‡∏Ñ‡πà‡∏∞ ‡∏Ñ‡∏∏‡∏ì‡∏•‡∏π‡∏Å‡∏Ñ‡πâ‡∏≤‡∏ï‡∏£‡∏ß‡∏à‡∏™‡∏≠‡∏ö‡∏à‡∏≤‡∏Å‡πÇ‡∏õ‡∏£‡πÑ‡∏ü‡∏•‡πå‡∏Ñ‡∏∏‡∏ì‡πÅ‡∏°‡πà‡∏ö‡πâ‡∏≤‡∏ô‡πÑ‡∏î‡πâ‡πÄ‡∏•‡∏¢‡∏ô‡∏∞‡∏Ñ‡∏∞   https://beneat.co/cleaner/12875 :  ‡∏Ñ‡∏∏‡∏ì‡πÅ‡∏°‡πà‡∏ö‡πâ‡∏≤‡∏ô Jak Khunpaeng (‡∏£‡∏´‡∏±‡∏™: 12875) 
Customer: ‡πÅ‡∏Å‡πâ‡πÑ‡∏Ç ‡πÄ‡∏ô‡∏∑‡πâ‡∏≠‡∏´‡∏≤‡∏Ç‡∏≠‡∏á‡∏£‡∏µ‡∏ß‡∏¥‡∏ß‡πÉ‡∏´‡πâ‡∏î‡πâ‡∏ß‡∏¢‡∏ô‡∏∞‡∏Ñ‡∏∞ ‡∏ó‡∏µ‡πà‡πÅ‡∏°‡πà‡∏ö‡πâ‡∏≤‡∏ô‡∏ó‡∏≥‡∏ó‡∏£‡∏±‡∏û‡∏¢‡πå‡∏™‡∏¥‡∏ô‡∏Ç‡∏≠‡∏á‡∏•‡∏π‡∏Å‡∏ö‡πâ‡∏≤‡∏ô‡πÄ‡∏™‡∏µ‡∏¢‡∏´‡∏≤‡∏¢‡∏Ñ‡πà‡∏∞ ‡∏ô‡∏µ‡πà‡∏Ñ‡∏∑‡∏≠‡∏Ç‡πâ‡∏≠‡πÄ‡∏ó‡πá‡∏à‡∏à‡∏£‡∏¥‡∏á‡∏ó‡∏µ‡πà‡πÄ‡∏Å‡∏¥‡∏î‡∏Ç‡∏∂‡πâ‡∏ô ‡πÅ‡∏•‡∏∞‡πÅ‡∏°‡πà‡∏ö‡πâ‡∏≤‡∏ô‡∏Å‡πá‡∏¢‡∏≠‡∏°‡∏£‡∏±‡∏ö‡πÄ‡∏≠‡∏á
Admin: ‡∏£‡∏±‡∏ö‡∏ó‡∏£‡∏≤‡∏ö‡∏Ñ‡πà‡∏∞ ‡πÄ‡∏à‡πâ‡∏≤‡∏´‡∏ô‡πâ‡∏≤‡∏ó‡∏µ‡πà‡∏õ‡∏£‡∏∞‡∏™‡∏≤‡∏ô‡∏™‡πà‡∏ß‡∏ô‡∏á‡∏≤‡∏ô‡∏ó‡∏µ‡πà‡πÄ‡∏Å‡∏µ‡πà‡∏¢‡∏ß‡∏Ç‡πâ‡∏≠‡∏á‡πÄ‡∏û‡∏¥‡πà‡∏°‡πÄ‡∏ï‡∏¥‡∏°‡πÉ‡∏´‡πâ‡∏Ñ‡πà‡∏∞
Admin: ‡∏™‡∏ß‡∏±‡∏™‡∏î‡∏µ‡∏Ñ‡πà‡∏∞‡∏Ñ‡∏∏‡∏ì‡∏•‡∏π‡∏Å‡∏Ñ‡πâ‡∏≤ ‡∏ó‡∏≤‡∏á‡∏™‡πà‡∏ß‡∏ô‡∏á‡∏≤‡∏ô‡πÅ‡∏à‡πâ‡∏á‡∏ß‡πà‡∏≤‡∏î‡∏≥‡πÄ‡∏ô‡∏¥‡∏ô‡∏Å‡∏≤‡∏£‡πÅ‡∏Å‡πâ‡πÑ‡∏Ç‡∏Ñ‡∏≠‡∏°‡πÄ‡∏°‡πâ‡∏ô‡πÄ‡∏£‡∏µ‡∏¢‡∏ö‡∏£‡πâ‡∏≠‡∏¢‡∏Ñ‡πà‡∏∞ ‡∏Ñ‡∏∏‡∏ì‡∏•‡∏π‡∏Å‡∏Ñ‡πâ‡∏≤‡∏ï‡∏£‡∏ß‡∏à‡∏™‡∏≠‡∏ö‡∏à‡∏≤‡∏Å‡πÇ‡∏õ‡∏£‡πÑ‡∏ü‡∏•‡πå‡∏Ñ‡∏∏‡∏ì‡πÅ‡∏°‡πà‡∏ö‡πâ‡∏≤‡∏ô‡πÑ‡∏î‡πâ‡πÄ‡∏•‡∏¢‡∏ô‡∏∞‡∏Ñ‡∏∞   https://beneat.co/cleaner/12875 :  ‡∏Ñ‡∏∏‡∏ì‡πÅ‡∏°‡πà‡∏ö‡πâ‡∏≤‡∏ô Jak Khunpaeng (‡∏£‡∏´‡∏±‡∏™: 12875) ",Property Damage
